<?xml version="1.0" encoding="utf-8"?>
<odoo>
    <data>
        <report 
            id="action_report_merge_docx_so_tmpl_basic"
            model="sale.order"
            string="Sale Basic"
            report_type="docx"
            print_report_name="'OrderBasic - %s' % (object.name)"
            name="Basic"/>
        <record id="action_report_merge_docx_so_tmpl_basic" model="ir.actions.report">
            <field name="template_id" ref="merge_docx_sale_order.merge_docx_so_tmpl_basic"/>
            <field name="url_theme_screenshot">merge_docx_sale_order/static/src/img/basic.png</field>
        </record>

        <report 
            id="action_report_merge_docx_so_tmpl_cover"
            model="sale.order"
            string="Sale Cover (pdf)"
            report_type="docx"
            print_report_name="'OrderCover - %s' % (object.name)"
            name="Cover"/>
        <record id="action_report_merge_docx_so_tmpl_cover" model="ir.actions.report">
            <field name="template_id" ref="merge_docx_sale_order.merge_docx_so_tmpl_cover"/>
            <field name="output_file">pdf</field>
            <field name="merge_template_id" ref="sale.action_report_pro_forma_invoice"/>
        </record>

        <report 
            id="action_report_merge_docx_so_tmpl_translate"
            model="sale.order"
            string="Sale Order Partner Translate (pdf)"
            report_type="docx"
            print_report_name="'OrderTranslate - %s' % (object.name)"
            name="Translate"/>
        <record id="action_report_merge_docx_so_tmpl_translate" model="ir.actions.report">
            <field name="template_id" ref="merge_docx_sale_order.merge_docx_so_tmpl_translate"/>
            <field name="output_file">pdf</field>
        </record>
    </data>
</odoo>
