<?xml version="1.0" encoding="utf-8"?>
<odoo>
    <data>
        <record id="merge_docx_so_tmpl_basic" model="ir.attachment">
            <field name="name">basic.docx</field>
            <field name="type">binary</field>
            <field name="datas" type="base64" file="merge_docx_sale_order/templates/basic.docx"/>
        </record>
        <record id="merge_docx_so_tmpl_cover" model="ir.attachment">
            <field name="name">cover.docx</field>
            <field name="type">binary</field>
            <field name="datas" type="base64" file="merge_docx_sale_order/templates/cover.docx"/>
        </record>
        <record id="merge_docx_so_tmpl_translate" model="ir.attachment">
            <field name="name">translate.docx</field>
            <field name="type">binary</field>
            <field name="datas" type="base64" file="merge_docx_sale_order/templates/translate.docx"/>
        </record>
    </data>
</odoo>
